<?xml version='1.0' standalone='yes'?>
<extension>
  <id>66dd066a-25a7-11e6-b2c5-001fc659afbe</id>

  <name>APPLET_NAME</name>

  <creator>Ralphy</creator>
  <defaultState>enabled</defaultState>
  <version>1.0</version>
  <description>DESCRIPTION</description>

  <homepageURL>http://sourceforge.net/projects/picoreplayer</homepageURL>

  <type>2</type><!-- type=extension -->

  <targetApplication>
    <id>SqueezeCenter</id>
    <minVersion>7.7</minVersion>
    <maxVersion>*</maxVersion>
  </targetApplication>

</extension>
